,userid,event_name,event_attributes,event_created_date,Subscription Premium Cancel,last date Subscription Premium Cancel,last date Subscription Premium Renew,Membership YM,2 days had not passedSubscription Premium Renew
5,0006869712ec9841dc36234bce245203,Subscription Premium Renew,"{'Start Date': '2022-02-20', 'Renewal Date': '2023-02-20', 'Membership Type': 'Yearly'}",2022-02-19 01:12:16,0,2022-04-16 20:50:39,2022-02-19 01:12:16,1,0
29,0136a8eeca5d16ac1a521dd0e27ecec0,Subscription Premium Renew,"{'Start Date': '2022-02-19', 'Renewal Date': '2022-03-19', 'Membership Type': 'Monthly'}",2022-02-18 01:07:40,0,2022-04-16 20:50:39,2022-03-18 01:12:25,0,0
30,0136a8eeca5d16ac1a521dd0e27ecec0,Subscription Premium Renew,"{'Start Date': '2022-03-19', 'Renewal Date': '2022-04-19', 'Membership Type': 'Monthly'}",2022-03-18 01:12:25,0,2022-04-16 20:50:39,2022-03-18 01:12:25,0,0
56,017f4557810b3ba165d2959c17b916b6,Subscription Premium Renew,"{'Start Date': '2022-02-17', 'Renewal Date': '2023-02-17', 'Membership Type': 'Yearly'}",2022-02-16 01:13:23,0,2022-04-16 20:50:39,2022-02-16 01:13:23,1,0
62,02697c4704fe66dad2b28c0e14499911,Subscription Premium Renew,"{'Start Date': '2022-02-18', 'Renewal Date': '2023-02-18', 'Membership Type': 'Yearly'}",2022-02-17 01:02:29,0,2022-04-16 20:50:39,2022-02-17 01:02:29,1,0
137,047136447917f8b30537738e488e0461,Subscription Premium Renew,"{'Start Date': '2022-03-13', 'Renewal Date': '2022-04-13', 'Membership Type': 'Monthly'}",2022-03-12 01:12:35,0,2022-04-16 20:50:39,2022-04-12 01:14:22,0,0
140,047136447917f8b30537738e488e0461,Subscription Premium Renew,"{'Start Date': '2022-04-13', 'Renewal Date': '2022-05-13', 'Membership Type': 'Monthly'}",2022-04-12 01:14:22,0,2022-04-16 20:50:39,2022-04-12 01:14:22,0,0
190,060153cf7a5844d9aed735d408b35f97,Subscription Premium Renew,"{'Start Date': '2022-02-12', 'Renewal Date': '2023-02-12', 'Membership Type': 'Yearly'}",2022-02-11 01:15:32,1,2022-02-11 15:06:11,2022-02-11 01:15:32,1,1
297,07a0d0ab07446da83579be3462bf081e,Subscription Premium Renew,"{'Start Date': '2022-02-19', 'Renewal Date': '2023-02-19', 'Membership Type': 'Yearly'}",2022-02-18 01:01:15,0,2022-04-16 20:50:39,2022-02-18 01:01:15,1,0
460,08a7303ab016a7c191c9de4f5620ca32,Subscription Premium Renew,"{'Start Date': '2022-02-05', 'Renewal Date': '2023-02-05', 'Membership Type': 'Yearly'}",2022-02-04 01:03:36,0,2022-04-16 20:50:39,2022-02-04 01:03:36,1,0
465,08d5f68b8484239c70c9a8683fceef8d,Subscription Premium Renew,"{'Start Date': '2022-02-05', 'Renewal Date': '2023-02-05', 'Membership Type': 'Yearly'}",2022-02-04 01:03:36,0,2022-04-16 20:50:39,2022-02-04 01:03:36,1,0
576,0af7f97bf9253358db674384908d7bf4,Subscription Premium Renew,"{'Start Date': '2022-04-07', 'Renewal Date': '2022-05-07', 'Membership Type': 'Monthly'}",2022-04-06 01:16:09,0,2022-04-16 20:50:39,2022-04-06 01:16:09,0,0
733,0b55c6c8ce2743c5581ad07681cc812b,Subscription Premium Renew,"{'Start Date': '2022-03-14', 'Renewal Date': '2023-03-14', 'Membership Type': 'Yearly'}",2022-03-13 01:51:17,0,2022-04-16 20:50:39,2022-03-13 01:51:17,1,0
793,0be441fb8acf6a9dd45d4d2444e62deb,Subscription Premium Renew,"{'Start Date': '2022-03-18', 'Renewal Date': '2022-04-18', 'Membership Type': 'Monthly'}",2022-03-17 01:12:58,0,2022-04-16 20:50:39,2022-03-17 01:12:58,0,0
923,0e440655eed83610e0076ad7faa3a3f0,Subscription Premium Renew,"{'Start Date': '2022-02-19', 'Renewal Date': '2023-02-19', 'Membership Type': 'Yearly'}",2022-02-18 01:12:56,0,2022-04-16 20:50:39,2022-02-18 01:12:56,1,0
1127,107eea821b823c2218cc2f44fa7746d9,Subscription Premium Renew,"{'Start Date': '2022-03-28', 'Renewal Date': '2023-03-28', 'Membership Type': 'Yearly'}",2022-03-27 01:58:32,1,2022-04-01 08:18:29,2022-03-27 01:58:32,1,0
1152,108f272091d484c9ef8d55cafc32abf9,Subscription Premium Renew,"{'Start Date': '2022-04-12', 'Renewal Date': '2022-05-12', 'Membership Type': 'Monthly'}",2022-04-11 01:12:33,0,2022-04-16 20:50:39,2022-04-11 01:12:33,0,0
1160,10cbe7e14793a3aec1c050db6aa492aa,Subscription Premium Renew,"{'Start Date': '2022-02-02', 'Renewal Date': '2023-02-02', 'Membership Type': 'Yearly'}",2022-02-01 02:08:22,0,2022-04-16 20:50:39,2022-02-01 02:08:22,1,0
1326,12bd479c3e2e06b4338a450a23d4ec25,Subscription Premium Renew,"{'Start Date': '2022-02-12', 'Renewal Date': '2022-03-12', 'Membership Type': 'Monthly'}",2022-02-11 01:15:32,0,2022-04-16 20:50:39,2022-02-11 01:15:32,0,0
1348,12f4306c553c65f10b0234667cf9f174,Subscription Premium Renew,"{'Start Date': '2022-03-25', 'Renewal Date': '2023-03-25', 'Membership Type': 'Yearly'}",2022-03-24 01:13:29,0,2022-04-16 20:50:39,2022-03-24 01:13:29,1,0
1502,1629fe2d6702fe638d6e52345330203d,Subscription Premium Renew,"{'Start Date': '2022-02-11', 'Renewal Date': '2023-02-11', 'Membership Type': 'Yearly'}",2022-02-10 01:15:01,0,2022-04-16 20:50:39,2022-02-10 01:15:01,1,0
1509,1689b71af323dea3daeb1e1ca243a3fb,Subscription Premium Renew,"{'Start Date': '2022-03-05', 'Renewal Date': '2023-03-05', 'Membership Type': 'Yearly'}",2022-03-04 01:09:46,0,2022-04-16 20:50:39,2022-03-04 01:09:46,1,0
1532,173c9c2173fdf64c965a0fb0bb4606aa,Subscription Premium Renew,"{'Start Date': '2022-04-12', 'Renewal Date': '2022-05-12', 'Membership Type': 'Monthly'}",2022-04-11 01:09:29,0,2022-04-16 20:50:39,2022-04-11 01:09:29,0,0
1560,1870a7d51d2cd5b6e99661197c979524,Subscription Premium Renew,"{'Start Date': '2022-02-16', 'Renewal Date': '2023-02-16', 'Membership Type': 'Yearly'}",2022-02-15 01:07:21,1,2022-02-15 13:14:35,2022-02-15 01:07:21,1,1
1602,18b9953f2328fed7482dda3deb45dcf5,Subscription Premium Renew,"{'Start Date': '2022-02-23', 'Renewal Date': '2022-03-23', 'Membership Type': 'Monthly'}",2022-02-22 01:15:33,1,2022-03-06 22:20:18,2022-02-22 01:15:33,0,0
1644,19870bc160313d9e49d4895d880244e7,Subscription Premium Renew,"{'Start Date': '2022-02-14', 'Renewal Date': '2023-02-14', 'Membership Type': 'Yearly'}",2022-02-13 01:06:28,0,2022-04-16 20:50:39,2022-02-13 01:06:28,1,0
1676,1a2aff341204da8904fd42b6992b51a1,Subscription Premium Renew,"{'Start Date': '2022-03-18', 'Renewal Date': '2022-04-18', 'Membership Type': 'Monthly'}",2022-03-17 01:12:58,0,2022-04-16 20:50:39,2022-03-17 01:12:58,0,0
1738,1ae2a46b39436dc9e1f0139bcaa11a93,Subscription Premium Renew,"{'Start Date': '2022-03-04', 'Renewal Date': '2023-03-04', 'Membership Type': 'Yearly'}",2022-03-03 01:10:15,0,2022-04-16 20:50:39,2022-03-03 01:10:15,1,0
1787,1b790c4c4c115725f6d55f5491b75864,Subscription Premium Renew,"{'Start Date': '2022-02-25', 'Renewal Date': '2023-02-25', 'Membership Type': 'Yearly'}",2022-02-24 01:31:17,0,2022-04-16 20:50:39,2022-02-24 01:31:17,1,0
1797,1b928796f363e4dc05c775d6f54954c2,Subscription Premium Renew,"{'Start Date': '2022-02-09', 'Renewal Date': '2022-03-09', 'Membership Type': 'Monthly'}",2022-02-08 01:05:24,0,2022-04-16 20:50:39,2022-04-08 01:11:02,0,0
1798,1b928796f363e4dc05c775d6f54954c2,Subscription Premium Renew,"{'Start Date': '2022-03-09', 'Renewal Date': '2022-04-09', 'Membership Type': 'Monthly'}",2022-03-08 01:10:04,0,2022-04-16 20:50:39,2022-04-08 01:11:02,0,0
1799,1b928796f363e4dc05c775d6f54954c2,Subscription Premium Renew,"{'Start Date': '2022-04-09', 'Renewal Date': '2022-05-09', 'Membership Type': 'Monthly'}",2022-04-08 01:11:02,0,2022-04-16 20:50:39,2022-04-08 01:11:02,0,0
1873,1c18dbe71e395e81a4c2f1640065f2df,Subscription Premium Renew,"{'Start Date': '2022-03-04', 'Renewal Date': '2023-03-04', 'Membership Type': 'Yearly'}",2022-03-03 01:45:21,0,2022-04-16 20:50:39,2022-03-03 01:45:21,1,0
1901,1c5d42f9cf94d9eca90b3628d4d7f75d,Subscription Premium Renew,"{'Start Date': '2022-02-01', 'Renewal Date': '2022-03-01', 'Membership Type': 'Monthly'}",2022-01-31 01:14:26,0,2022-04-16 20:50:39,2022-03-31 01:18:17,0,0
1904,1c5d42f9cf94d9eca90b3628d4d7f75d,Subscription Premium Renew,"{'Start Date': '2022-03-01', 'Renewal Date': '2022-04-01', 'Membership Type': 'Monthly'}",2022-02-28 01:25:48,0,2022-04-16 20:50:39,2022-03-31 01:18:17,0,0
1905,1c5d42f9cf94d9eca90b3628d4d7f75d,Subscription Premium Renew,"{'Start Date': '2022-04-01', 'Renewal Date': '2022-05-01', 'Membership Type': 'Monthly'}",2022-03-31 01:18:17,0,2022-04-16 20:50:39,2022-03-31 01:18:17,0,0
2153,1e319056044664207b7fe8a169df084c,Subscription Premium Renew,"{'Start Date': '2022-02-04', 'Renewal Date': '2023-02-04', 'Membership Type': 'Yearly'}",2022-02-03 01:11:11,0,2022-04-16 20:50:39,2022-02-03 01:11:11,1,0
2195,1eaeea1774a713a8964678a68480eb1e,Subscription Premium Renew,"{'Start Date': '2022-03-01', 'Renewal Date': '2023-03-01', 'Membership Type': 'Yearly'}",2022-02-28 01:17:07,1,2022-03-01 19:02:30,2022-02-28 01:17:07,1,1
2246,202e0cca3b46e34708705d9f4167924c,Subscription Premium Renew,"{'Start Date': '2022-03-19', 'Renewal Date': '2022-04-19', 'Membership Type': 'Monthly'}",2022-03-18 01:10:24,0,2022-04-16 20:50:39,2022-03-18 01:10:24,0,0
2251,20408ecea2d7cf2850397f5d00707966,Subscription Premium Renew,"{'Start Date': '2022-03-28', 'Renewal Date': '2022-04-28', 'Membership Type': 'Monthly'}",2022-03-27 01:14:38,0,2022-04-16 20:50:39,2022-03-27 01:14:38,0,0
2354,215dd76650fb1529fb07b81393d128cc,Subscription Premium Renew,"{'Start Date': '2022-03-25', 'Renewal Date': '2022-04-25', 'Membership Type': 'Monthly'}",2022-03-24 01:13:29,0,2022-04-16 20:50:39,2022-03-24 01:13:29,0,0
2459,23303acbad4ced835ad719f0e0e51d27,Subscription Premium Renew,"{'Start Date': '2022-02-22', 'Renewal Date': '2022-03-22', 'Membership Type': 'Monthly'}",2022-02-21 01:13:09,0,2022-04-16 20:50:39,2022-03-21 01:10:02,0,0
2461,23303acbad4ced835ad719f0e0e51d27,Subscription Premium Renew,"{'Start Date': '2022-03-22', 'Renewal Date': '2022-04-22', 'Membership Type': 'Monthly'}",2022-03-21 01:10:02,0,2022-04-16 20:50:39,2022-03-21 01:10:02,0,0
2477,23e09ff395402bdcd679aa42ff7733b6,Subscription Premium Renew,"{'Start Date': '2022-03-16', 'Renewal Date': '2023-03-16', 'Membership Type': 'Yearly'}",2022-03-15 01:46:05,0,2022-04-16 20:50:39,2022-03-15 01:46:05,1,0
2662,24d5e7af47c5fc49b662b7a89fa71053,Subscription Premium Renew,"{'Start Date': '2022-02-03', 'Renewal Date': '2022-03-03', 'Membership Type': 'Monthly'}",2022-02-02 01:02:35,0,2022-04-16 20:50:39,2022-04-02 01:10:01,0,0
2663,24d5e7af47c5fc49b662b7a89fa71053,Subscription Premium Renew,"{'Start Date': '2022-03-03', 'Renewal Date': '2022-04-03', 'Membership Type': 'Monthly'}",2022-03-02 01:03:46,0,2022-04-16 20:50:39,2022-04-02 01:10:01,0,0
2667,24d5e7af47c5fc49b662b7a89fa71053,Subscription Premium Renew,"{'Start Date': '2022-04-03', 'Renewal Date': '2022-05-03', 'Membership Type': 'Monthly'}",2022-04-02 01:10:01,0,2022-04-16 20:50:39,2022-04-02 01:10:01,0,0
2669,2518814bdd6f2fc0ff06f907dc877f82,Subscription Premium Renew,"{'Start Date': '2022-02-09', 'Renewal Date': '2023-02-09', 'Membership Type': 'Yearly'}",2022-02-08 01:06:29,0,2022-04-16 20:50:39,2022-02-08 01:06:29,1,0
2689,252dc11e0f9eb1ea54ce7753d543e642,Subscription Premium Renew,"{'Start Date': '2022-04-02', 'Renewal Date': '2023-04-02', 'Membership Type': 'Yearly'}",2022-04-01 01:36:36,0,2022-04-16 20:50:39,2022-04-01 01:36:36,1,0
2744,2567193ff2ad4910e8b44dd1fc853195,Subscription Premium Renew,"{'Start Date': '2022-04-06', 'Renewal Date': '2022-05-06', 'Membership Type': 'Monthly'}",2022-04-05 01:15:38,1,2022-04-13 19:10:16,2022-04-05 01:15:38,0,0
2778,2604776c53d7659ba2f63cd8012cfe3b,Subscription Premium Renew,"{'Start Date': '2022-04-07', 'Renewal Date': '2022-05-07', 'Membership Type': 'Monthly'}",2022-04-06 01:17:22,0,2022-04-16 20:50:39,2022-04-06 01:17:22,0,0
2793,2614cd9bd34099b04ec7a5b3815d9dcd,Subscription Premium Renew,"{'Start Date': '2022-02-10', 'Renewal Date': '2023-02-10', 'Membership Type': 'Yearly'}",2022-02-09 01:14:29,0,2022-04-16 20:50:39,2022-02-09 01:14:29,1,0
2808,268963cbd5f12764c76522761d49c3db,Subscription Premium Renew,"{'Start Date': '2022-02-23', 'Renewal Date': '2022-03-23', 'Membership Type': 'Monthly'}",2022-02-22 01:14:30,0,2022-04-16 20:50:39,2022-03-22 01:15:03,0,0
2809,268963cbd5f12764c76522761d49c3db,Subscription Premium Renew,"{'Start Date': '2022-03-23', 'Renewal Date': '2022-04-23', 'Membership Type': 'Monthly'}",2022-03-22 01:15:03,0,2022-04-16 20:50:39,2022-03-22 01:15:03,0,0
2898,2824218167d0043650cb936c7ae54fbe,Subscription Premium Renew,"{'Start Date': '2022-03-05', 'Renewal Date': '2023-03-05', 'Membership Type': 'Yearly'}",2022-03-04 01:54:05,0,2022-04-16 20:50:39,2022-03-04 01:54:05,1,0
3009,28368284a145474b2cc4961349bffcf3,Subscription Premium Renew,"{'Start Date': '2022-02-24', 'Renewal Date': '2023-02-24', 'Membership Type': 'Yearly'}",2022-02-23 01:03:31,0,2022-04-16 20:50:39,2022-02-23 01:03:31,1,0
3107,29081c0cdef5f0595e304d7c2ff180b2,Subscription Premium Renew,"{'Start Date': '2022-03-13', 'Renewal Date': '2022-04-13', 'Membership Type': 'Monthly'}",2022-03-12 01:12:35,0,2022-04-16 20:50:39,2022-04-12 01:14:21,0,0
3108,29081c0cdef5f0595e304d7c2ff180b2,Subscription Premium Renew,"{'Start Date': '2022-04-13', 'Renewal Date': '2022-05-13', 'Membership Type': 'Monthly'}",2022-04-12 01:14:21,0,2022-04-16 20:50:39,2022-04-12 01:14:21,0,0
3117,29c68f723b88e2d3bb1172f847b831e4,Subscription Premium Renew,"{'Start Date': '2022-02-10', 'Renewal Date': '2023-02-10', 'Membership Type': 'Yearly'}",2022-02-09 01:12:20,1,2022-02-10 03:52:54,2022-02-09 01:12:20,1,1
3157,2a2003f6836b4720906cbae8893faec9,Subscription Premium Renew,"{'Start Date': '2022-02-13', 'Renewal Date': '2022-03-13', 'Membership Type': 'Monthly'}",2022-02-12 01:01:14,0,2022-04-16 20:50:39,2022-02-12 01:01:14,0,0
3368,2cfb93b59c43b29004cf6f31ccb35866,Subscription Premium Renew,"{'Start Date': '2022-04-12', 'Renewal Date': '2022-05-12', 'Membership Type': 'Monthly'}",2022-04-11 01:15:52,0,2022-04-16 20:50:39,2022-04-11 01:15:52,0,0
3386,2f68b6851b2c2da6e70344c44c1ee797,Subscription Premium Renew,"{'Start Date': '2022-02-26', 'Renewal Date': '2023-02-26', 'Membership Type': 'Yearly'}",2022-02-25 01:13:20,0,2022-04-16 20:50:39,2022-02-25 01:13:20,1,0
3743,338f1face3221db325af58494e595031,Subscription Premium Renew,"{'Start Date': '2022-03-21', 'Renewal Date': '2023-03-21', 'Membership Type': 'Yearly'}",2022-03-20 01:15:05,0,2022-04-16 20:50:39,2022-03-20 01:15:05,1,0
3976,36d05f7d7de29d6195faf1a5fc978d03,Subscription Premium Renew,"{'Start Date': '2022-04-01', 'Renewal Date': '2023-04-01', 'Membership Type': 'Yearly'}",2022-03-31 01:23:33,0,2022-04-16 20:50:39,2022-03-31 01:23:33,1,0
4037,375f680cd1242eb7bf9263dd5ba1fe6d,Subscription Premium Renew,"{'Start Date': '2022-04-07', 'Renewal Date': '2022-05-07', 'Membership Type': 'Monthly'}",2022-04-06 01:17:22,1,2022-04-12 22:28:35,2022-04-06 01:17:22,0,0
4044,376718de739ee11bd02d64e7ac1e6b91,Subscription Premium Renew,"{'Start Date': '2022-04-14', 'Renewal Date': '2022-05-14', 'Membership Type': 'Monthly'}",2022-04-13 01:18:37,0,2022-04-16 20:50:39,2022-04-13 01:18:37,0,0
4230,3904a3b8d43d05675044b6596d965516,Subscription Premium Renew,"{'Start Date': '2022-03-20', 'Renewal Date': '2022-04-20', 'Membership Type': 'Monthly'}",2022-03-19 01:10:03,0,2022-04-16 20:50:39,2022-03-19 01:10:03,0,0
4253,3a57dc7f1e9c53802b2d7d70a8c8398e,Subscription Premium Renew,"{'Start Date': '2022-04-07', 'Renewal Date': '2022-05-07', 'Membership Type': 'Monthly'}",2022-04-06 01:17:22,0,2022-04-16 20:50:39,2022-04-06 01:17:22,0,0
4256,3a847271bca021f730165eb5d34710f3,Subscription Premium Renew,"{'Start Date': '2022-02-05', 'Renewal Date': '2022-03-05', 'Membership Type': 'Monthly'}",2022-02-04 01:15:26,0,2022-04-16 20:50:39,2022-04-04 01:14:31,0,0
4257,3a847271bca021f730165eb5d34710f3,Subscription Premium Renew,"{'Start Date': '2022-03-05', 'Renewal Date': '2022-04-05', 'Membership Type': 'Monthly'}",2022-03-04 01:08:43,0,2022-04-16 20:50:39,2022-04-04 01:14:31,0,0
4258,3a847271bca021f730165eb5d34710f3,Subscription Premium Renew,"{'Start Date': '2022-04-05', 'Renewal Date': '2022-05-05', 'Membership Type': 'Monthly'}",2022-04-04 01:14:31,0,2022-04-16 20:50:39,2022-04-04 01:14:31,0,0
4260,3ab0365f7c3971229b1c39a165b348f6,Subscription Premium Renew,"{'Start Date': '2022-02-11', 'Renewal Date': '2022-03-11', 'Membership Type': 'Monthly'}",2022-02-10 01:16:02,0,2022-04-16 20:50:39,2022-04-10 01:15:57,0,0
4261,3ab0365f7c3971229b1c39a165b348f6,Subscription Premium Renew,"{'Start Date': '2022-03-11', 'Renewal Date': '2022-04-11', 'Membership Type': 'Monthly'}",2022-03-10 01:09:00,0,2022-04-16 20:50:39,2022-04-10 01:15:57,0,0
4264,3ab0365f7c3971229b1c39a165b348f6,Subscription Premium Renew,"{'Start Date': '2022-04-11', 'Renewal Date': '2022-05-11', 'Membership Type': 'Monthly'}",2022-04-10 01:15:57,0,2022-04-16 20:50:39,2022-04-10 01:15:57,0,0
4270,3b0e78006bdafefcf05a0ee4d7f978ab,Subscription Premium Renew,"{'Start Date': '2022-03-24', 'Renewal Date': '2022-04-24', 'Membership Type': 'Monthly'}",2022-03-23 01:13:27,0,2022-04-16 20:50:39,2022-03-23 01:13:27,0,0
4309,3bfc54f0e636e24b24d40885b63e34cc,Subscription Premium Renew,"{'Start Date': '2022-03-12', 'Renewal Date': '2022-04-12', 'Membership Type': 'Monthly'}",2022-03-11 01:12:58,0,2022-04-16 20:50:39,2022-04-11 01:10:29,0,0
4310,3bfc54f0e636e24b24d40885b63e34cc,Subscription Premium Renew,"{'Start Date': '2022-04-12', 'Renewal Date': '2022-05-12', 'Membership Type': 'Monthly'}",2022-04-11 01:10:29,0,2022-04-16 20:50:39,2022-04-11 01:10:29,0,0
4346,3d49da0965533c33153bb65eb1b6d11d,Subscription Premium Renew,"{'Start Date': '2022-04-16', 'Renewal Date': '2023-04-16', 'Membership Type': 'Yearly'}",2022-04-15 02:01:29,1,2022-04-16 03:51:12,2022-04-15 02:01:29,1,1
4365,3ddccd890467c76dd9886a40dbd51800,Subscription Premium Renew,"{'Start Date': '2022-03-25', 'Renewal Date': '2022-04-25', 'Membership Type': 'Monthly'}",2022-03-24 01:13:26,0,2022-04-16 20:50:39,2022-03-24 01:13:26,0,0
4401,3ee27e464dfd51c416fb80b4e7330c76,Subscription Premium Renew,"{'Start Date': '2022-04-10', 'Renewal Date': '2022-05-10', 'Membership Type': 'Monthly'}",2022-04-09 01:15:17,0,2022-04-16 20:50:39,2022-04-09 01:15:17,0,0
4407,3ff515e258fd127963d4b549dd158dbd,Subscription Premium Renew,"{'Start Date': '2022-03-17', 'Renewal Date': '2023-03-17', 'Membership Type': 'Yearly'}",2022-03-16 01:19:46,0,2022-04-16 20:50:39,2022-03-16 01:19:46,1,0
4467,40bb760dcafe2254a0dfe804eac23a33,Subscription Premium Renew,"{'Start Date': '2022-02-22', 'Renewal Date': '2022-03-22', 'Membership Type': 'Monthly'}",2022-02-21 01:13:09,1,2022-02-21 20:35:27,2022-02-21 01:13:09,0,1
4495,40d74d801142724f930bd784d2273059,Subscription Premium Renew,"{'Start Date': '2022-03-01', 'Renewal Date': '2022-04-01', 'Membership Type': 'Monthly'}",2022-02-28 01:18:06,1,2022-03-28 12:02:25,2022-02-28 01:18:06,0,0
4598,41ef8ce6c7e3ce0869d791dc17a3d161,Subscription Premium Renew,"{'Start Date': '2022-02-10', 'Renewal Date': '2023-02-10', 'Membership Type': 'Yearly'}",2022-02-09 01:12:20,1,2022-03-23 20:42:55,2022-02-09 01:12:20,1,0
4714,41f7789dea5f3312bdf57632460561c0,Subscription Premium Renew,"{'Start Date': '2022-03-14', 'Renewal Date': '2023-03-14', 'Membership Type': 'Yearly'}",2022-03-13 01:53:26,0,2022-04-16 20:50:39,2022-03-13 01:53:26,1,0
4775,4260d7d2ac838b5e5b80a52516f78f5b,Subscription Premium Renew,"{'Start Date': '2022-03-17', 'Renewal Date': '2023-03-17', 'Membership Type': 'Yearly'}",2022-03-16 01:14:08,0,2022-04-16 20:50:39,2022-03-16 01:14:08,1,0
4859,441ffbb3d0324236d47a0f7e1ebd02f9,Subscription Premium Renew,"{'Start Date': '2022-04-15', 'Renewal Date': '2022-05-15', 'Membership Type': 'Monthly'}",2022-04-14 01:16:48,0,2022-04-16 20:50:39,2022-04-14 01:16:48,0,0
4944,4574a7082953f5413fa884d53d878986,Subscription Premium Renew,"{'Start Date': '2022-04-09', 'Renewal Date': '2022-05-09', 'Membership Type': 'Monthly'}",2022-04-08 01:16:31,0,2022-04-16 20:50:39,2022-04-08 01:16:31,0,0
4962,4625f7ed22e911f5290a3660feb4efdb,Subscription Premium Renew,"{'Start Date': '2022-02-19', 'Renewal Date': '2022-03-19', 'Membership Type': 'Monthly'}",2022-02-18 01:12:57,0,2022-04-16 20:50:39,2022-03-18 01:09:21,0,0
4972,4625f7ed22e911f5290a3660feb4efdb,Subscription Premium Renew,"{'Start Date': '2022-03-19', 'Renewal Date': '2022-04-19', 'Membership Type': 'Monthly'}",2022-03-18 01:09:21,0,2022-04-16 20:50:39,2022-03-18 01:09:21,0,0
5017,466f747de57099409c4d851f2775613f,Subscription Premium Renew,"{'Start Date': '2022-03-19', 'Renewal Date': '2022-04-19', 'Membership Type': 'Monthly'}",2022-03-18 01:11:24,0,2022-04-16 20:50:39,2022-03-18 01:11:24,0,0
5248,494d52061c082cec80e62b80d0042d72,Subscription Premium Renew,"{'Start Date': '2022-04-05', 'Renewal Date': '2022-05-05', 'Membership Type': 'Monthly'}",2022-04-04 01:15:32,0,2022-04-16 20:50:39,2022-04-04 01:15:32,0,0
5321,4b5f8f36415758d07940d6b9285a0b88,Subscription Premium Renew,"{'Start Date': '2022-04-03', 'Renewal Date': '2022-05-03', 'Membership Type': 'Monthly'}",2022-04-02 01:14:53,0,2022-04-16 20:50:39,2022-04-02 01:14:53,0,0
5441,4c14e25c7133054ff3ffd583ea798a4b,Subscription Premium Renew,"{'Start Date': '2022-03-16', 'Renewal Date': '2022-04-16', 'Membership Type': 'Monthly'}",2022-03-15 01:08:26,0,2022-04-16 20:50:39,2022-04-15 01:13:20,0,1
5442,4c14e25c7133054ff3ffd583ea798a4b,Subscription Premium Renew,"{'Start Date': '2022-04-16', 'Renewal Date': '2022-05-16', 'Membership Type': 'Monthly'}",2022-04-15 01:13:20,0,2022-04-16 20:50:39,2022-04-15 01:13:20,0,1
5468,4d173c7fcb0f6bacfd31227558490c0d,Subscription Premium Renew,"{'Start Date': '2022-03-26', 'Renewal Date': '2022-04-26', 'Membership Type': 'Monthly'}",2022-03-25 01:15:36,0,2022-04-16 20:50:39,2022-03-25 01:15:36,0,0
5491,4d19655d46028f8d76299fcda129e9d2,Subscription Premium Renew,"{'Start Date': '2022-03-19', 'Renewal Date': '2022-04-19', 'Membership Type': 'Monthly'}",2022-03-18 01:11:24,0,2022-04-16 20:50:39,2022-03-18 01:11:24,0,0
5601,4fba4b79bfe1c7f4ce494d72b528e408,Subscription Premium Renew,"{'Start Date': '2022-03-04', 'Renewal Date': '2022-04-04', 'Membership Type': 'Monthly'}",2022-03-03 01:09:15,0,2022-04-16 20:50:39,2022-04-03 01:19:25,0,0
5602,4fba4b79bfe1c7f4ce494d72b528e408,Subscription Premium Renew,"{'Start Date': '2022-04-04', 'Renewal Date': '2022-05-04', 'Membership Type': 'Monthly'}",2022-04-03 01:19:25,0,2022-04-16 20:50:39,2022-04-03 01:19:25,0,0
5613,5085db2422dd457f81d595b1adbfe4a8,Subscription Premium Renew,"{'Start Date': '2022-03-06', 'Renewal Date': '2023-03-06', 'Membership Type': 'Yearly'}",2022-03-05 01:31:07,1,2022-03-10 02:20:24,2022-03-05 01:31:07,1,0
5681,511e5e8012881579f5f0ba089577cb5c,Subscription Premium Renew,"{'Start Date': '2022-02-05', 'Renewal Date': '2023-02-05', 'Membership Type': 'Yearly'}",2022-02-04 01:05:06,0,2022-04-16 20:50:39,2022-02-04 01:05:06,1,0
5762,51d15c7f78bfff49bdd2a9e43c686c57,Subscription Premium Renew,"{'Start Date': '2022-02-20', 'Renewal Date': '2023-02-20', 'Membership Type': 'Yearly'}",2022-02-19 01:12:16,1,2022-03-13 11:10:03,2022-02-19 01:12:16,1,0
5781,520c53e60a665c9c1c78671024f640a7,Subscription Premium Renew,"{'Start Date': '2022-02-21', 'Renewal Date': '2023-02-21', 'Membership Type': 'Yearly'}",2022-02-20 01:07:44,0,2022-04-16 20:50:39,2022-02-20 01:07:44,1,0
5836,54ba4ccb40da72d1174d206436d0b8c1,Subscription Premium Renew,"{'Start Date': '2022-02-13', 'Renewal Date': '2022-03-13', 'Membership Type': 'Monthly'}",2022-02-12 01:10:33,0,2022-04-16 20:50:39,2022-04-12 01:15:23,0,0
5837,54ba4ccb40da72d1174d206436d0b8c1,Subscription Premium Renew,"{'Start Date': '2022-03-13', 'Renewal Date': '2022-04-13', 'Membership Type': 'Monthly'}",2022-03-12 01:10:33,0,2022-04-16 20:50:39,2022-04-12 01:15:23,0,0
5838,54ba4ccb40da72d1174d206436d0b8c1,Subscription Premium Renew,"{'Start Date': '2022-04-13', 'Renewal Date': '2022-05-13', 'Membership Type': 'Monthly'}",2022-04-12 01:15:23,0,2022-04-16 20:50:39,2022-04-12 01:15:23,0,0
5869,54ca6ba06580997b4600d4ec927d877e,Subscription Premium Renew,"{'Start Date': '2022-03-22', 'Renewal Date': '2023-03-22', 'Membership Type': 'Yearly'}",2022-03-21 01:47:49,0,2022-04-16 20:50:39,2022-03-21 01:47:49,1,0
5899,54ebefdcff1b349d2a636ee2cab0d2d9,Subscription Premium Renew,"{'Start Date': '2022-04-08', 'Renewal Date': '2022-05-08', 'Membership Type': 'Monthly'}",2022-04-07 01:15:49,0,2022-04-16 20:50:39,2022-04-07 01:15:49,0,0
5959,57355471e5fc8052b717b33a9c15c8bb,Subscription Premium Renew,"{'Start Date': '2022-02-14', 'Renewal Date': '2022-03-14', 'Membership Type': 'Monthly'}",2022-02-13 01:16:18,0,2022-04-16 20:50:39,2022-04-13 01:14:27,0,0
5960,57355471e5fc8052b717b33a9c15c8bb,Subscription Premium Renew,"{'Start Date': '2022-03-14', 'Renewal Date': '2022-04-14', 'Membership Type': 'Monthly'}",2022-03-13 01:07:36,0,2022-04-16 20:50:39,2022-04-13 01:14:27,0,0
5961,57355471e5fc8052b717b33a9c15c8bb,Subscription Premium Renew,"{'Start Date': '2022-04-14', 'Renewal Date': '2022-05-14', 'Membership Type': 'Monthly'}",2022-04-13 01:14:27,0,2022-04-16 20:50:39,2022-04-13 01:14:27,0,0
5983,57c581fe3e3db95790033d16cd40612c,Subscription Premium Renew,"{'Start Date': '2022-03-13', 'Renewal Date': '2023-03-13', 'Membership Type': 'Yearly'}",2022-03-12 01:12:37,0,2022-04-16 20:50:39,2022-03-12 01:12:37,1,0
6170,5a90e9973c256c19c17b03bdda1c1fc4,Subscription Premium Renew,"{'Start Date': '2022-03-25', 'Renewal Date': '2022-04-25', 'Membership Type': 'Monthly'}",2022-03-24 01:13:29,1,2022-03-25 19:05:46,2022-03-24 01:13:29,0,1
6198,5ab705cd907b3c74ea390841553d7e7b,Subscription Premium Renew,"{'Start Date': '2022-03-05', 'Renewal Date': '2023-03-05', 'Membership Type': 'Yearly'}",2022-03-04 01:09:46,0,2022-04-16 20:50:39,2022-03-04 01:09:46,1,0
6266,5bad87d58cd78093eeea2543a9eaa915,Subscription Premium Renew,"{'Start Date': '2022-03-20', 'Renewal Date': '2022-04-20', 'Membership Type': 'Monthly'}",2022-03-19 01:13:28,0,2022-04-16 20:50:39,2022-03-19 01:13:28,0,0
6283,5ce08b9be82835b1e0ec4fa23e7179c5,Subscription Premium Renew,"{'Start Date': '2022-04-08', 'Renewal Date': '2022-05-08', 'Membership Type': 'Monthly'}",2022-04-07 01:15:49,0,2022-04-16 20:50:39,2022-04-07 01:15:49,0,0
6343,5f075d270e0cb3da5b6660dd59f3ad8d,Subscription Premium Renew,"{'Start Date': '2022-03-05', 'Renewal Date': '2023-03-05', 'Membership Type': 'Yearly'}",2022-03-04 01:09:46,1,2022-03-09 00:35:47,2022-03-04 01:09:46,1,0
6359,5f7a028c0833b707f467e642dbbba94c,Subscription Premium Renew,"{'Start Date': '2022-02-22', 'Renewal Date': '2022-03-22', 'Membership Type': 'Monthly'}",2022-02-21 01:05:08,0,2022-04-16 20:50:39,2022-03-21 01:11:04,0,0
6360,5f7a028c0833b707f467e642dbbba94c,Subscription Premium Renew,"{'Start Date': '2022-03-22', 'Renewal Date': '2022-04-22', 'Membership Type': 'Monthly'}",2022-03-21 01:11:04,0,2022-04-16 20:50:39,2022-03-21 01:11:04,0,0
6370,602502c44ff131d642975f04c3e9328f,Subscription Premium Renew,"{'Start Date': '2022-04-03', 'Renewal Date': '2022-05-03', 'Membership Type': 'Monthly'}",2022-04-02 01:14:52,0,2022-04-16 20:50:39,2022-04-02 01:14:52,0,0
6385,604062fd35365e259606987533396503,Subscription Premium Renew,"{'Start Date': '2022-04-05', 'Renewal Date': '2022-05-05', 'Membership Type': 'Monthly'}",2022-04-04 01:15:32,0,2022-04-16 20:50:39,2022-04-04 01:15:32,0,0
6980,6500ae39d2f7d8f84514ae25ec777a90,Subscription Premium Renew,"{'Start Date': '2022-04-12', 'Renewal Date': '2023-04-12', 'Membership Type': 'Yearly'}",2022-04-11 01:53:06,1,2022-04-11 13:48:35,2022-04-11 01:53:06,1,1
6997,6599be6f48c75cd41e1414e7a7cd22e5,Subscription Premium Renew,"{'Start Date': '2022-02-07', 'Renewal Date': '2023-02-07', 'Membership Type': 'Yearly'}",2022-02-06 02:35:42,0,2022-04-16 20:50:39,2022-02-06 02:35:42,1,0
7043,66156a8939ecab2faa5b3894d660dece,Subscription Premium Renew,"{'Start Date': '2022-04-10', 'Renewal Date': '2023-04-10', 'Membership Type': 'Yearly'}",2022-04-09 01:14:13,1,2022-04-09 16:42:25,2022-04-09 01:14:13,1,1
7105,668f7ab9e3245b7aafd3b6b608770fb1,Subscription Premium Renew,"{'Start Date': '2022-02-21', 'Renewal Date': '2022-03-21', 'Membership Type': 'Monthly'}",2022-02-20 01:07:44,0,2022-04-16 20:50:39,2022-03-20 01:13:02,0,0
7141,668f7ab9e3245b7aafd3b6b608770fb1,Subscription Premium Renew,"{'Start Date': '2022-03-21', 'Renewal Date': '2022-04-21', 'Membership Type': 'Monthly'}",2022-03-20 01:13:02,0,2022-04-16 20:50:39,2022-03-20 01:13:02,0,0
7253,674897285cc1fd33e445cf142f129902,Subscription Premium Renew,"{'Start Date': '2022-02-06', 'Renewal Date': '2023-02-06', 'Membership Type': 'Yearly'}",2022-02-05 01:09:52,0,2022-04-16 20:50:39,2022-02-05 01:09:52,1,0
7315,67f7ee21393060f86207711face96b90,Subscription Premium Renew,"{'Start Date': '2022-02-18', 'Renewal Date': '2023-02-18', 'Membership Type': 'Yearly'}",2022-02-17 02:23:07,0,2022-04-16 20:50:39,2022-02-17 02:23:07,1,0
7322,68142b43f18b2a9addc20e685cfa2d3e,Subscription Premium Renew,"{'Start Date': '2022-02-25', 'Renewal Date': '2023-02-25', 'Membership Type': 'Yearly'}",2022-02-24 01:15:22,0,2022-04-16 20:50:39,2022-02-24 01:15:22,1,0
7366,681be137529c920b3fe7ca9b11001304,Subscription Premium Renew,"{'Start Date': '2022-02-21', 'Renewal Date': '2023-02-21', 'Membership Type': 'Yearly'}",2022-02-20 01:02:34,0,2022-04-16 20:50:39,2022-02-20 01:02:34,1,0
7607,6c33305d1461f30e67d3284b367b36c1,Subscription Premium Renew,"{'Start Date': '2022-02-19', 'Renewal Date': '2023-02-19', 'Membership Type': 'Yearly'}",2022-02-18 01:17:02,0,2022-04-16 20:50:39,2022-02-18 01:17:02,1,0
7620,6c4f1c8d83df5679c8e706fa960ef2e2,Subscription Premium Renew,"{'Start Date': '2022-03-22', 'Renewal Date': '2022-04-22', 'Membership Type': 'Monthly'}",2022-03-21 01:14:09,0,2022-04-16 20:50:39,2022-03-21 01:14:09,0,0
7628,6c8097d370dca54d43273c076df3f905,Subscription Premium Renew,"{'Start Date': '2022-03-16', 'Renewal Date': '2022-04-16', 'Membership Type': 'Monthly'}",2022-03-15 01:13:50,1,2022-03-15 10:48:01,2022-03-15 01:13:50,0,1
7757,6d6a965b76b7438f073e286c410b6172,Subscription Premium Renew,"{'Start Date': '2022-02-07', 'Renewal Date': '2023-02-07', 'Membership Type': 'Yearly'}",2022-02-06 01:09:19,0,2022-04-16 20:50:39,2022-02-06 01:09:19,1,0
7768,6dc3dec7644a5be8187fd5edfb7dc961,Subscription Premium Renew,"{'Start Date': '2022-02-09', 'Renewal Date': '2023-02-09', 'Membership Type': 'Yearly'}",2022-02-08 01:06:28,0,2022-04-16 20:50:39,2022-02-08 01:06:28,1,0
7793,6ed0c8f06d0e3853edafbea251c85e23,Subscription Premium Renew,"{'Start Date': '2022-03-22', 'Renewal Date': '2023-03-22', 'Membership Type': 'Yearly'}",2022-03-21 01:14:09,0,2022-04-16 20:50:39,2022-03-21 01:14:09,1,0
7827,707b28277600d533b82416346e1e0c03,Subscription Premium Renew,"{'Start Date': '2022-02-24', 'Renewal Date': '2022-03-24', 'Membership Type': 'Monthly'}",2022-02-23 01:17:15,0,2022-04-16 20:50:39,2022-03-23 01:11:17,0,0
7828,707b28277600d533b82416346e1e0c03,Subscription Premium Renew,"{'Start Date': '2022-03-24', 'Renewal Date': '2022-04-24', 'Membership Type': 'Monthly'}",2022-03-23 01:11:17,0,2022-04-16 20:50:39,2022-03-23 01:11:17,0,0
7851,71125c5ba4a2db3a6936461824a39454,Subscription Premium Renew,"{'Start Date': '2022-02-10', 'Renewal Date': '2022-03-10', 'Membership Type': 'Monthly'}",2022-02-09 01:12:20,0,2022-04-16 20:50:39,2022-04-09 01:12:00,0,0
7852,71125c5ba4a2db3a6936461824a39454,Subscription Premium Renew,"{'Start Date': '2022-03-10', 'Renewal Date': '2022-04-10', 'Membership Type': 'Monthly'}",2022-03-09 01:08:37,0,2022-04-16 20:50:39,2022-04-09 01:12:00,0,0
7853,71125c5ba4a2db3a6936461824a39454,Subscription Premium Renew,"{'Start Date': '2022-04-10', 'Renewal Date': '2022-05-10', 'Membership Type': 'Monthly'}",2022-04-09 01:12:00,0,2022-04-16 20:50:39,2022-04-09 01:12:00,0,0
7860,71bc35c99af9dc4764efddef3507c7f6,Subscription Premium Renew,"{'Start Date': '2022-03-01', 'Renewal Date': '2023-03-01', 'Membership Type': 'Yearly'}",2022-02-28 01:26:49,0,2022-04-16 20:50:39,2022-02-28 01:26:49,1,0
7971,740ba60aca6e9c45ff92f344eba5e2ff,Subscription Premium Renew,"{'Start Date': '2022-02-24', 'Renewal Date': '2023-02-24', 'Membership Type': 'Yearly'}",2022-02-23 01:16:11,0,2022-04-16 20:50:39,2022-02-23 01:16:11,1,0
8032,747b98f5b9a90cabcc4ac3ff2840fb46,Subscription Premium Renew,"{'Start Date': '2022-03-15', 'Renewal Date': '2022-04-15', 'Membership Type': 'Monthly'}",2022-03-14 01:11:37,0,2022-04-16 20:50:39,2022-04-14 01:12:00,0,0
8036,747b98f5b9a90cabcc4ac3ff2840fb46,Subscription Premium Renew,"{'Start Date': '2022-04-15', 'Renewal Date': '2022-05-15', 'Membership Type': 'Monthly'}",2022-04-14 01:12:00,0,2022-04-16 20:50:39,2022-04-14 01:12:00,0,0
8049,74b4605360487e1fd352f818a7f28129,Subscription Premium Renew,"{'Start Date': '2022-02-22', 'Renewal Date': '2023-02-22', 'Membership Type': 'Yearly'}",2022-02-21 01:01:03,0,2022-04-16 20:50:39,2022-02-21 01:01:03,1,0
8058,74bd56df483092f61846d1ebd02b2536,Subscription Premium Renew,"{'Start Date': '2022-04-14', 'Renewal Date': '2023-04-14', 'Membership Type': 'Yearly'}",2022-04-13 01:18:37,0,2022-04-16 20:50:39,2022-04-13 01:18:37,1,0
8067,7520b85fc31f422a5f6531ec8004bf94,Subscription Premium Renew,"{'Start Date': '2022-04-06', 'Renewal Date': '2022-05-06', 'Membership Type': 'Monthly'}",2022-04-05 01:15:38,0,2022-04-16 20:50:39,2022-04-05 01:15:38,0,0
8098,760a8cfc450157aaeaa91a6ec90a9230,Subscription Premium Renew,"{'Start Date': '2022-02-13', 'Renewal Date': '2023-02-13', 'Membership Type': 'Yearly'}",2022-02-12 02:35:25,1,2022-02-13 01:18:18,2022-02-12 02:35:25,1,1
8107,767d72bd1c8727eb968a3c4c454b2441,Subscription Premium Renew,"{'Start Date': '2022-02-07', 'Renewal Date': '2023-02-07', 'Membership Type': 'Yearly'}",2022-02-06 01:02:33,0,2022-04-16 20:50:39,2022-02-06 01:02:33,1,0
8115,769ddb400388cd7c986ef46d4bdcf124,Subscription Premium Renew,"{'Start Date': '2022-03-19', 'Renewal Date': '2022-04-19', 'Membership Type': 'Monthly'}",2022-03-18 01:10:24,0,2022-04-16 20:50:39,2022-03-18 01:10:24,0,0
8126,76fe70e7bdbb37ae744fce3af3dce538,Subscription Premium Renew,"{'Start Date': '2022-02-26', 'Renewal Date': '2022-03-26', 'Membership Type': 'Monthly'}",2022-02-25 01:14:20,0,2022-04-16 20:50:39,2022-03-25 01:13:26,0,0
8127,76fe70e7bdbb37ae744fce3af3dce538,Subscription Premium Renew,"{'Start Date': '2022-03-26', 'Renewal Date': '2022-04-26', 'Membership Type': 'Monthly'}",2022-03-25 01:13:26,0,2022-04-16 20:50:39,2022-03-25 01:13:26,0,0
8128,778645be9653b2f7a43ac7f0c7811fcc,Subscription Premium Renew,"{'Start Date': '2022-02-15', 'Renewal Date': '2022-03-15', 'Membership Type': 'Monthly'}",2022-02-14 01:11:49,0,2022-04-16 20:50:39,2022-04-14 01:13:04,0,0
8129,778645be9653b2f7a43ac7f0c7811fcc,Subscription Premium Renew,"{'Start Date': '2022-03-15', 'Renewal Date': '2022-04-15', 'Membership Type': 'Monthly'}",2022-03-14 01:07:30,0,2022-04-16 20:50:39,2022-04-14 01:13:04,0,0
8130,778645be9653b2f7a43ac7f0c7811fcc,Subscription Premium Renew,"{'Start Date': '2022-04-15', 'Renewal Date': '2022-05-15', 'Membership Type': 'Monthly'}",2022-04-14 01:13:04,0,2022-04-16 20:50:39,2022-04-14 01:13:04,0,0
8143,778db99f685b5fa7e8ab7fe0ca3b04b2,Subscription Premium Renew,"{'Start Date': '2022-04-12', 'Renewal Date': '2022-05-12', 'Membership Type': 'Monthly'}",2022-04-11 01:15:51,0,2022-04-16 20:50:39,2022-04-11 01:15:51,0,0
8176,788e35267ab5e0cc35b8e725259bb39a,Subscription Premium Renew,"{'Start Date': '2022-02-02', 'Renewal Date': '2022-03-02', 'Membership Type': 'Monthly'}",2022-02-01 01:16:34,0,2022-04-16 20:50:39,2022-04-01 01:10:05,0,0
8178,788e35267ab5e0cc35b8e725259bb39a,Subscription Premium Renew,"{'Start Date': '2022-03-02', 'Renewal Date': '2022-04-02', 'Membership Type': 'Monthly'}",2022-03-01 01:17:22,0,2022-04-16 20:50:39,2022-04-01 01:10:05,0,0
8184,788e35267ab5e0cc35b8e725259bb39a,Subscription Premium Renew,"{'Start Date': '2022-04-02', 'Renewal Date': '2022-05-02', 'Membership Type': 'Monthly'}",2022-04-01 01:10:05,0,2022-04-16 20:50:39,2022-04-01 01:10:05,0,0
8227,79bcd342e50f3d187104aa2849b51375,Subscription Premium Renew,"{'Start Date': '2022-02-19', 'Renewal Date': '2022-03-19', 'Membership Type': 'Monthly'}",2022-02-18 01:01:15,1,2022-03-18 18:37:05,2022-03-18 01:14:31,0,1
8228,79bcd342e50f3d187104aa2849b51375,Subscription Premium Renew,"{'Start Date': '2022-03-19', 'Renewal Date': '2022-04-19', 'Membership Type': 'Monthly'}",2022-03-18 01:14:31,1,2022-03-18 18:37:05,2022-03-18 01:14:31,0,1
8380,7ca83bec7b758eaa006f3b6fdb3bd2a5,Subscription Premium Renew,"{'Start Date': '2022-04-17', 'Renewal Date': '2022-05-17', 'Membership Type': 'Monthly'}",2022-04-16 01:16:52,1,2022-04-16 12:41:26,2022-04-16 01:16:52,0,1
8425,7ec7d876fc0b0a266f0bbe7f1e086f16,Subscription Premium Renew,"{'Start Date': '2022-03-22', 'Renewal Date': '2023-03-22', 'Membership Type': 'Yearly'}",2022-03-21 01:47:49,1,2022-03-21 03:53:26,2022-03-21 01:47:49,1,1
8561,821abef4e323933a74c6bed01a7b89a2,Subscription Premium Renew,"{'Start Date': '2022-02-18', 'Renewal Date': '2023-02-18', 'Membership Type': 'Yearly'}",2022-02-17 02:23:07,0,2022-04-16 20:50:39,2022-02-17 02:23:07,1,0
8621,8314aa5b02faee1547c149df74112729,Subscription Premium Renew,"{'Start Date': '2022-03-05', 'Renewal Date': '2022-04-05', 'Membership Type': 'Monthly'}",2022-03-04 01:09:46,0,2022-04-16 20:50:39,2022-04-04 01:14:31,0,0
8628,8314aa5b02faee1547c149df74112729,Subscription Premium Renew,"{'Start Date': '2022-04-05', 'Renewal Date': '2022-05-05', 'Membership Type': 'Monthly'}",2022-04-04 01:14:31,0,2022-04-16 20:50:39,2022-04-04 01:14:31,0,0
8712,845035ae3fc96723b46369623ec6ba51,Subscription Premium Renew,"{'Start Date': '2022-02-05', 'Renewal Date': '2023-02-05', 'Membership Type': 'Yearly'}",2022-02-04 01:14:27,0,2022-04-16 20:50:39,2022-02-04 01:14:27,1,0
8842,84cb771d0fc432151d11d6e7a40ee0d1,Subscription Premium Renew,"{'Start Date': '2022-02-27', 'Renewal Date': '2023-02-27', 'Membership Type': 'Yearly'}",2022-02-26 01:14:35,0,2022-04-16 20:50:39,2022-02-26 01:14:35,1,0
8873,85ecbdf860da503c0690c9075206d1e8,Subscription Premium Renew,"{'Start Date': '2022-02-14', 'Renewal Date': '2023-02-14', 'Membership Type': 'Yearly'}",2022-02-13 01:10:40,0,2022-04-16 20:50:39,2022-02-13 01:10:40,1,0
8913,8737985b55e9d3e859bdd9d52a123db4,Subscription Premium Renew,"{'Start Date': '2022-04-05', 'Renewal Date': '2022-05-05', 'Membership Type': 'Monthly'}",2022-04-04 01:15:32,0,2022-04-16 20:50:39,2022-04-04 01:15:32,0,0
8959,87e610862504ba1b10aac5138bb8cd01,Subscription Premium Renew,"{'Start Date': '2022-03-16', 'Renewal Date': '2022-04-16', 'Membership Type': 'Monthly'}",2022-03-15 01:13:49,0,2022-04-16 20:50:39,2022-04-15 01:13:20,0,1
8960,87e610862504ba1b10aac5138bb8cd01,Subscription Premium Renew,"{'Start Date': '2022-04-16', 'Renewal Date': '2022-05-16', 'Membership Type': 'Monthly'}",2022-04-15 01:13:20,0,2022-04-16 20:50:39,2022-04-15 01:13:20,0,1
9186,8b0532c4cf4086d43f2c1bcbeeb945a3,Subscription Premium Renew,"{'Start Date': '2022-03-21', 'Renewal Date': '2023-03-21', 'Membership Type': 'Yearly'}",2022-03-20 01:33:39,0,2022-04-16 20:50:39,2022-03-20 01:33:39,1,0
9224,8ca5d6fc5af82174a484ba6dc7ff6fc6,Subscription Premium Renew,"{'Start Date': '2022-02-23', 'Renewal Date': '2022-03-23', 'Membership Type': 'Monthly'}",2022-02-22 01:15:33,0,2022-04-16 20:50:39,2022-03-22 01:10:31,0,0
9225,8ca5d6fc5af82174a484ba6dc7ff6fc6,Subscription Premium Renew,"{'Start Date': '2022-03-23', 'Renewal Date': '2022-04-23', 'Membership Type': 'Monthly'}",2022-03-22 01:10:31,0,2022-04-16 20:50:39,2022-03-22 01:10:31,0,0
9227,8cd1768507df583eeb41be4549cfc6f2,Subscription Premium Renew,"{'Start Date': '2022-04-16', 'Renewal Date': '2023-04-16', 'Membership Type': 'Yearly'}",2022-04-15 01:17:41,0,2022-04-16 20:50:39,2022-04-15 01:17:41,1,1
9234,8cf789a4f14413c7ac58d3b6e8442cd0,Subscription Premium Renew,"{'Start Date': '2022-04-03', 'Renewal Date': '2023-04-03', 'Membership Type': 'Yearly'}",2022-04-02 01:51:01,1,2022-04-02 19:24:29,2022-04-02 01:51:01,1,1
9308,8f101b4972c3d1054470ae652f28e189,Subscription Premium Renew,"{'Start Date': '2022-03-15', 'Renewal Date': '2023-03-15', 'Membership Type': 'Yearly'}",2022-03-14 01:12:38,0,2022-04-16 20:50:39,2022-03-14 01:12:38,1,0
9394,8fac691a54a01547b5deaf8842d7b518,Subscription Premium Renew,"{'Start Date': '2022-04-13', 'Renewal Date': '2022-05-13', 'Membership Type': 'Monthly'}",2022-04-12 01:16:26,1,2022-04-13 02:06:33,2022-04-12 01:16:26,0,1
9418,8fe7fdfe5927e748a5f6d656228249a1,Subscription Premium Renew,"{'Start Date': '2022-03-18', 'Renewal Date': '2022-04-18', 'Membership Type': 'Monthly'}",2022-03-17 01:14:01,0,2022-04-16 20:50:39,2022-03-17 01:14:01,0,0
9424,8fef4cff78648d43297da347074a3e24,Subscription Premium Renew,"{'Start Date': '2022-04-11', 'Renewal Date': '2023-04-11', 'Membership Type': 'Yearly'}",2022-04-10 12:56:40,0,2022-04-16 20:50:39,2022-04-10 12:56:40,1,0
9472,90b81ad483767f4b2151e5c7edeb27d0,Subscription Premium Renew,"{'Start Date': '2022-04-06', 'Renewal Date': '2023-04-06', 'Membership Type': 'Yearly'}",2022-04-05 01:14:29,0,2022-04-16 20:50:39,2022-04-05 01:14:29,1,0
9513,91ae383082136af9dd18daba9b401160,Subscription Premium Renew,"{'Start Date': '2022-04-07', 'Renewal Date': '2022-05-07', 'Membership Type': 'Monthly'}",2022-04-06 01:16:09,0,2022-04-16 20:50:39,2022-04-06 01:16:09,0,0
9642,93715f94afb115c516d12c1937b4f1d7,Subscription Premium Renew,"{'Start Date': '2022-03-14', 'Renewal Date': '2022-04-14', 'Membership Type': 'Monthly'}",2022-03-13 01:10:41,0,2022-04-16 20:50:39,2022-04-13 01:16:34,0,0
9666,93715f94afb115c516d12c1937b4f1d7,Subscription Premium Renew,"{'Start Date': '2022-04-14', 'Renewal Date': '2022-05-14', 'Membership Type': 'Monthly'}",2022-04-13 01:16:34,0,2022-04-16 20:50:39,2022-04-13 01:16:34,0,0
9706,951ee6711c16d33ab61db1df9ad9d5ca,Subscription Premium Renew,"{'Start Date': '2022-02-22', 'Renewal Date': '2022-03-22', 'Membership Type': 'Monthly'}",2022-02-21 01:13:10,0,2022-04-16 20:50:39,2022-03-21 01:08:48,0,0
9708,951ee6711c16d33ab61db1df9ad9d5ca,Subscription Premium Renew,"{'Start Date': '2022-03-22', 'Renewal Date': '2022-04-22', 'Membership Type': 'Monthly'}",2022-03-21 01:08:48,0,2022-04-16 20:50:39,2022-03-21 01:08:48,0,0
9877,95bf9c7b6b06874f4179f4c7abd37f63,Subscription Premium Renew,"{'Start Date': '2022-03-05', 'Renewal Date': '2022-04-05', 'Membership Type': 'Monthly'}",2022-03-04 01:09:46,0,2022-04-16 20:50:39,2022-04-04 01:14:31,0,0
9887,95bf9c7b6b06874f4179f4c7abd37f63,Subscription Premium Renew,"{'Start Date': '2022-04-05', 'Renewal Date': '2022-05-05', 'Membership Type': 'Monthly'}",2022-04-04 01:14:31,0,2022-04-16 20:50:39,2022-04-04 01:14:31,0,0
9991,95e7c959d7d39be0a965e9e315906fed,Subscription Premium Renew,"{'Start Date': '2022-02-27', 'Renewal Date': '2022-03-27', 'Membership Type': 'Monthly'}",2022-02-26 01:08:27,0,2022-04-16 20:50:39,2022-03-26 01:39:00,0,0
10073,95e7c959d7d39be0a965e9e315906fed,Subscription Premium Renew,"{'Start Date': '2022-03-27', 'Renewal Date': '2022-04-27', 'Membership Type': 'Monthly'}",2022-03-26 01:39:00,0,2022-04-16 20:50:39,2022-03-26 01:39:00,0,0
10129,96b279023bfc0100152a907e8c69ca93,Subscription Premium Renew,"{'Start Date': '2022-03-20', 'Renewal Date': '2023-03-20', 'Membership Type': 'Yearly'}",2022-03-19 01:14:29,0,2022-04-16 20:50:39,2022-03-19 01:14:29,1,0
10229,96efc98b55ee2ccad65b96d710e18b60,Subscription Premium Renew,"{'Start Date': '2022-04-03', 'Renewal Date': '2023-04-03', 'Membership Type': 'Yearly'}",2022-04-02 01:49:30,0,2022-04-16 20:50:39,2022-04-02 01:49:30,1,0
10398,9a3cb015b64e79f0d956be0e570ffb24,Subscription Premium Renew,"{'Start Date': '2022-02-12', 'Renewal Date': '2022-03-12', 'Membership Type': 'Monthly'}",2022-02-11 01:15:32,0,2022-04-16 20:50:39,2022-04-11 01:14:41,0,0
10429,9a3cb015b64e79f0d956be0e570ffb24,Subscription Premium Renew,"{'Start Date': '2022-03-12', 'Renewal Date': '2022-04-12', 'Membership Type': 'Monthly'}",2022-03-11 01:07:39,0,2022-04-16 20:50:39,2022-04-11 01:14:41,0,0
10486,9a3cb015b64e79f0d956be0e570ffb24,Subscription Premium Renew,"{'Start Date': '2022-04-12', 'Renewal Date': '2022-05-12', 'Membership Type': 'Monthly'}",2022-04-11 01:14:41,0,2022-04-16 20:50:39,2022-04-11 01:14:41,0,0
10606,9a52cf418ad2a4261777f64bb60dd365,Subscription Premium Renew,"{'Start Date': '2022-02-13', 'Renewal Date': '2023-02-13', 'Membership Type': 'Yearly'}",2022-02-12 01:10:33,0,2022-04-16 20:50:39,2022-02-12 01:10:33,1,0
10630,9b19c0cc4a33ffdfe693957c48656c66,Subscription Premium Renew,"{'Start Date': '2022-02-05', 'Renewal Date': '2022-03-05', 'Membership Type': 'Monthly'}",2022-02-04 01:05:01,0,2022-04-16 20:50:39,2022-04-04 01:11:15,0,0
10678,9b19c0cc4a33ffdfe693957c48656c66,Subscription Premium Renew,"{'Start Date': '2022-03-05', 'Renewal Date': '2022-04-05', 'Membership Type': 'Monthly'}",2022-03-04 01:06:37,0,2022-04-16 20:50:39,2022-04-04 01:11:15,0,0
10764,9b19c0cc4a33ffdfe693957c48656c66,Subscription Premium Renew,"{'Start Date': '2022-04-05', 'Renewal Date': '2022-05-05', 'Membership Type': 'Monthly'}",2022-04-04 01:11:15,0,2022-04-16 20:50:39,2022-04-04 01:11:15,0,0
10843,9b6ca46b1ed001b16f781f7ce3eb9fbf,Subscription Premium Renew,"{'Start Date': '2022-02-07', 'Renewal Date': '2022-03-07', 'Membership Type': 'Monthly'}",2022-02-06 01:11:37,0,2022-04-16 20:50:39,2022-04-06 01:13:56,0,0
10844,9b6ca46b1ed001b16f781f7ce3eb9fbf,Subscription Premium Renew,"{'Start Date': '2022-03-07', 'Renewal Date': '2022-04-07', 'Membership Type': 'Monthly'}",2022-03-06 01:09:56,0,2022-04-16 20:50:39,2022-04-06 01:13:56,0,0
10845,9b6ca46b1ed001b16f781f7ce3eb9fbf,Subscription Premium Renew,"{'Start Date': '2022-04-07', 'Renewal Date': '2022-05-07', 'Membership Type': 'Monthly'}",2022-04-06 01:13:56,0,2022-04-16 20:50:39,2022-04-06 01:13:56,0,0
11274,a116db43c30b3def840d39bcc0b4d771,Subscription Premium Renew,"{'Start Date': '2022-04-16', 'Renewal Date': '2022-05-16', 'Membership Type': 'Monthly'}",2022-04-15 01:17:41,0,2022-04-16 20:50:39,2022-04-15 01:17:41,0,1
11278,a15373c48e18ef687f8570ff1a2ea24f,Subscription Premium Renew,"{'Start Date': '2022-02-11', 'Renewal Date': '2023-02-11', 'Membership Type': 'Yearly'}",2022-02-10 01:16:02,1,2022-02-24 05:11:47,2022-02-10 01:16:02,1,0
11501,a2d02bb182e368c9841fc45bbea97ad5,Subscription Premium Renew,"{'Start Date': '2022-02-25', 'Renewal Date': '2023-02-25', 'Membership Type': 'Yearly'}",2022-02-24 01:09:09,0,2022-04-16 20:50:39,2022-02-24 01:09:09,1,0
11503,a2e02c36f2999fdcd0f43c7d236f8b98,Subscription Premium Renew,"{'Start Date': '2022-04-01', 'Renewal Date': '2022-05-01', 'Membership Type': 'Monthly'}",2022-03-31 01:23:33,0,2022-04-16 20:50:39,2022-03-31 01:23:33,0,0
11710,a4ac16a65dd32ee634dcf47c41a26f3f,Subscription Premium Renew,"{'Start Date': '2022-02-24', 'Renewal Date': '2022-03-24', 'Membership Type': 'Monthly'}",2022-02-23 01:03:31,0,2022-04-16 20:50:39,2022-03-23 01:10:09,0,0
11711,a4ac16a65dd32ee634dcf47c41a26f3f,Subscription Premium Renew,"{'Start Date': '2022-03-24', 'Renewal Date': '2022-04-24', 'Membership Type': 'Monthly'}",2022-03-23 01:10:09,0,2022-04-16 20:50:39,2022-03-23 01:10:09,0,0
11724,a529249c937ee94029cde7d9de5493b7,Subscription Premium Renew,"{'Start Date': '2022-02-03', 'Renewal Date': '2022-03-03', 'Membership Type': 'Monthly'}",2022-02-02 01:02:36,1,2022-02-22 16:20:01,2022-02-02 01:02:36,0,0
11788,a57271a537989e14ffb371af0dfd43e7,Subscription Premium Renew,"{'Start Date': '2022-02-11', 'Renewal Date': '2022-03-11', 'Membership Type': 'Monthly'}",2022-02-10 01:13:43,0,2022-04-16 20:50:39,2022-04-10 01:13:39,0,0
11789,a57271a537989e14ffb371af0dfd43e7,Subscription Premium Renew,"{'Start Date': '2022-03-11', 'Renewal Date': '2022-04-11', 'Membership Type': 'Monthly'}",2022-03-10 01:13:53,0,2022-04-16 20:50:39,2022-04-10 01:13:39,0,0
11792,a57271a537989e14ffb371af0dfd43e7,Subscription Premium Renew,"{'Start Date': '2022-04-11', 'Renewal Date': '2022-05-11', 'Membership Type': 'Monthly'}",2022-04-10 01:13:39,0,2022-04-16 20:50:39,2022-04-10 01:13:39,0,0
11809,a59e4025c1bb226294c748d3f035ce2d,Subscription Premium Renew,"{'Start Date': '2022-03-01', 'Renewal Date': '2023-03-01', 'Membership Type': 'Yearly'}",2022-02-28 01:01:02,0,2022-04-16 20:50:39,2022-02-28 01:01:02,1,0
11851,a835f1a442774369304654640c4d3281,Subscription Premium Renew,"{'Start Date': '2022-02-09', 'Renewal Date': '2022-03-09', 'Membership Type': 'Monthly'}",2022-02-08 01:06:28,0,2022-04-16 20:50:39,2022-04-08 01:11:02,0,0
11852,a835f1a442774369304654640c4d3281,Subscription Premium Renew,"{'Start Date': '2022-03-09', 'Renewal Date': '2022-04-09', 'Membership Type': 'Monthly'}",2022-03-08 01:10:04,0,2022-04-16 20:50:39,2022-04-08 01:11:02,0,0
11853,a835f1a442774369304654640c4d3281,Subscription Premium Renew,"{'Start Date': '2022-04-09', 'Renewal Date': '2022-05-09', 'Membership Type': 'Monthly'}",2022-04-08 01:11:02,0,2022-04-16 20:50:39,2022-04-08 01:11:02,0,0
11877,a8a450678cb10862acf4cd3f668e8ad5,Subscription Premium Renew,"{'Start Date': '2022-02-24', 'Renewal Date': '2023-02-24', 'Membership Type': 'Yearly'}",2022-02-23 01:18:37,0,2022-04-16 20:50:39,2022-02-23 01:18:37,1,0
12068,acf1abb850407601161e55306a3753b3,Subscription Premium Renew,"{'Start Date': '2022-02-05', 'Renewal Date': '2023-02-05', 'Membership Type': 'Yearly'}",2022-02-04 01:03:36,0,2022-04-16 20:50:39,2022-02-04 01:03:36,1,0
12367,b162bd63a2e2de93af6f8b5b70fbed95,Subscription Premium Renew,"{'Start Date': '2022-02-04', 'Renewal Date': '2022-03-04', 'Membership Type': 'Monthly'}",2022-02-03 01:11:11,0,2022-04-16 20:50:39,2022-04-03 01:19:25,0,0
12369,b162bd63a2e2de93af6f8b5b70fbed95,Subscription Premium Renew,"{'Start Date': '2022-03-04', 'Renewal Date': '2022-04-04', 'Membership Type': 'Monthly'}",2022-03-03 01:09:15,0,2022-04-16 20:50:39,2022-04-03 01:19:25,0,0
12374,b162bd63a2e2de93af6f8b5b70fbed95,Subscription Premium Renew,"{'Start Date': '2022-04-04', 'Renewal Date': '2022-05-04', 'Membership Type': 'Monthly'}",2022-04-03 01:19:25,0,2022-04-16 20:50:39,2022-04-03 01:19:25,0,0
12414,b3120c57d714e776f048836d64cfafcd,Subscription Premium Renew,"{'Start Date': '2022-03-15', 'Renewal Date': '2023-03-15', 'Membership Type': 'Yearly'}",2022-03-14 01:32:33,0,2022-04-16 20:50:39,2022-03-14 01:32:33,1,0
12428,b35a523f52bff829684992950147b96d,Subscription Premium Renew,"{'Start Date': '2022-02-09', 'Renewal Date': '2023-02-09', 'Membership Type': 'Yearly'}",2022-02-08 01:06:29,0,2022-04-16 20:50:39,2022-02-08 01:06:29,1,0
12510,b474fa09bfe5955f4f71513a9dca6540,Subscription Premium Renew,"{'Start Date': '2022-03-12', 'Renewal Date': '2022-04-12', 'Membership Type': 'Monthly'}",2022-03-11 01:14:03,0,2022-04-16 20:50:39,2022-04-11 01:12:33,0,0
12513,b474fa09bfe5955f4f71513a9dca6540,Subscription Premium Renew,"{'Start Date': '2022-04-12', 'Renewal Date': '2022-05-12', 'Membership Type': 'Monthly'}",2022-04-11 01:12:33,0,2022-04-16 20:50:39,2022-04-11 01:12:33,0,0
12535,b58466f0302ba0e51063a9711f153e51,Subscription Premium Renew,"{'Start Date': '2022-04-12', 'Renewal Date': '2022-05-12', 'Membership Type': 'Monthly'}",2022-04-11 01:15:52,0,2022-04-16 20:50:39,2022-04-11 01:15:52,0,0
12552,b5ba580a2d9cad0bf0dd26cb40edbebc,Subscription Premium Renew,"{'Start Date': '2022-02-04', 'Renewal Date': '2023-02-04', 'Membership Type': 'Yearly'}",2022-02-03 01:09:01,0,2022-04-16 20:50:39,2022-02-03 01:09:01,1,0
12646,b75ab0264a9478dc6e2638acc7d22394,Subscription Premium Renew,"{'Start Date': '2022-03-20', 'Renewal Date': '2022-04-20', 'Membership Type': 'Monthly'}",2022-03-19 01:14:29,0,2022-04-16 20:50:39,2022-03-19 01:14:29,0,0
12652,b761b8124df0bb6112805d1a39a580f0,Subscription Premium Renew,"{'Start Date': '2022-03-07', 'Renewal Date': '2022-04-07', 'Membership Type': 'Monthly'}",2022-03-06 01:11:01,0,2022-04-16 20:50:39,2022-04-06 01:12:43,0,0
12654,b761b8124df0bb6112805d1a39a580f0,Subscription Premium Renew,"{'Start Date': '2022-04-07', 'Renewal Date': '2022-05-07', 'Membership Type': 'Monthly'}",2022-04-06 01:12:43,0,2022-04-16 20:50:39,2022-04-06 01:12:43,0,0
12696,b87680fcd7591ef94bcb007279bb21b3,Subscription Premium Renew,"{'Start Date': '2022-02-23', 'Renewal Date': '2023-02-23', 'Membership Type': 'Yearly'}",2022-02-22 01:15:33,0,2022-04-16 20:50:39,2022-02-22 01:15:33,1,0
12724,b8cdde221aae75d37c0996c030e05521,Subscription Premium Renew,"{'Start Date': '2022-02-09', 'Renewal Date': '2022-03-09', 'Membership Type': 'Monthly'}",2022-02-08 01:06:29,0,2022-04-16 20:50:39,2022-04-08 01:11:02,0,0
12739,b8cdde221aae75d37c0996c030e05521,Subscription Premium Renew,"{'Start Date': '2022-03-09', 'Renewal Date': '2022-04-09', 'Membership Type': 'Monthly'}",2022-03-08 01:10:04,0,2022-04-16 20:50:39,2022-04-08 01:11:02,0,0
12742,b8cdde221aae75d37c0996c030e05521,Subscription Premium Renew,"{'Start Date': '2022-04-09', 'Renewal Date': '2022-05-09', 'Membership Type': 'Monthly'}",2022-04-08 01:11:02,0,2022-04-16 20:50:39,2022-04-08 01:11:02,0,0
12836,bbd81df0ff701b061fabe28619003465,Subscription Premium Renew,"{'Start Date': '2022-02-14', 'Renewal Date': '2022-03-14', 'Membership Type': 'Monthly'}",2022-02-13 01:01:17,0,2022-04-16 20:50:39,2022-04-13 01:14:27,0,0
12839,bbd81df0ff701b061fabe28619003465,Subscription Premium Renew,"{'Start Date': '2022-03-14', 'Renewal Date': '2022-04-14', 'Membership Type': 'Monthly'}",2022-03-13 01:08:37,0,2022-04-16 20:50:39,2022-04-13 01:14:27,0,0
12840,bbd81df0ff701b061fabe28619003465,Subscription Premium Renew,"{'Start Date': '2022-04-14', 'Renewal Date': '2022-05-14', 'Membership Type': 'Monthly'}",2022-04-13 01:14:27,0,2022-04-16 20:50:39,2022-04-13 01:14:27,0,0
12899,bdec393e520e188e2fafa7c829c94000,Subscription Premium Renew,"{'Start Date': '2022-02-22', 'Renewal Date': '2022-03-22', 'Membership Type': 'Monthly'}",2022-02-21 01:16:15,0,2022-04-16 20:50:39,2022-03-21 01:10:01,0,0
12902,bdec393e520e188e2fafa7c829c94000,Subscription Premium Renew,"{'Start Date': '2022-03-22', 'Renewal Date': '2022-04-22', 'Membership Type': 'Monthly'}",2022-03-21 01:10:01,0,2022-04-16 20:50:39,2022-03-21 01:10:01,0,0
12935,bf09c5c7ec55abb5bb327817f0f115f5,Subscription Premium Renew,"{'Start Date': '2022-02-18', 'Renewal Date': '2022-03-18', 'Membership Type': 'Monthly'}",2022-02-17 01:07:46,0,2022-04-16 20:50:39,2022-03-17 01:08:38,0,0
12936,bf09c5c7ec55abb5bb327817f0f115f5,Subscription Premium Renew,"{'Start Date': '2022-03-18', 'Renewal Date': '2022-04-18', 'Membership Type': 'Monthly'}",2022-03-17 01:08:38,0,2022-04-16 20:50:39,2022-03-17 01:08:38,0,0
13138,c0b5d24cf149f2eca81332ead49a4108,Subscription Premium Renew,"{'Start Date': '2022-03-12', 'Renewal Date': '2022-04-12', 'Membership Type': 'Monthly'}",2022-03-11 01:12:59,1,2022-03-22 09:48:27,2022-03-11 01:12:59,0,0
13386,c3d3505329701091e6ffc9364eca0e4d,Subscription Premium Renew,"{'Start Date': '2022-04-05', 'Renewal Date': '2022-05-05', 'Membership Type': 'Monthly'}",2022-04-04 01:15:32,0,2022-04-16 20:50:39,2022-04-04 01:15:32,0,0
13436,c67290d72ec2974aba0f3975c1773405,Subscription Premium Renew,"{'Start Date': '2022-02-17', 'Renewal Date': '2022-03-17', 'Membership Type': 'Monthly'}",2022-02-16 01:13:21,0,2022-04-16 20:50:39,2022-02-16 01:13:21,0,0
13443,c67bc949be8e2bc19bd5f1caab790d29,Subscription Premium Renew,"{'Start Date': '2022-03-03', 'Renewal Date': '2023-03-03', 'Membership Type': 'Yearly'}",2022-03-02 01:31:37,0,2022-04-16 20:50:39,2022-03-02 01:31:37,1,0
13548,c8d4d395f6b45f1ddd6ab9f29180f54a,Subscription Premium Renew,"{'Start Date': '2022-02-10', 'Renewal Date': '2023-02-10', 'Membership Type': 'Yearly'}",2022-02-09 01:12:20,0,2022-04-16 20:50:39,2022-02-09 01:12:20,1,0
13629,c952231e6ea12e2bdd6f735453422008,Subscription Premium Renew,"{'Start Date': '2022-03-26', 'Renewal Date': '2023-03-26', 'Membership Type': 'Yearly'}",2022-03-25 02:02:05,1,2022-04-07 14:05:01,2022-03-25 02:02:05,1,0
13766,ccfc868a3b67037fe3e90dfd1e867d2d,Subscription Premium Renew,"{'Start Date': '2022-04-06', 'Renewal Date': '2022-05-06', 'Membership Type': 'Monthly'}",2022-04-05 01:15:38,0,2022-04-16 20:50:39,2022-04-05 01:15:38,0,0
13776,cd1438144a68cb7599bae36706b5038c,Subscription Premium Renew,"{'Start Date': '2022-02-23', 'Renewal Date': '2022-03-23', 'Membership Type': 'Monthly'}",2022-02-22 01:15:34,0,2022-04-16 20:50:39,2022-03-22 01:10:30,0,0
13778,cd1438144a68cb7599bae36706b5038c,Subscription Premium Renew,"{'Start Date': '2022-03-23', 'Renewal Date': '2022-04-23', 'Membership Type': 'Monthly'}",2022-03-22 01:10:30,0,2022-04-16 20:50:39,2022-03-22 01:10:30,0,0
13825,ce1f9af4fb19ff87ef17e2ae6ff1a45a,Subscription Premium Renew,"{'Start Date': '2022-03-22', 'Renewal Date': '2022-04-22', 'Membership Type': 'Monthly'}",2022-03-21 01:14:08,0,2022-04-16 20:50:39,2022-03-21 01:14:08,0,0
14133,d04c4b4b8575810181130be5d134470a,Subscription Premium Renew,"{'Start Date': '2022-02-08', 'Renewal Date': '2023-02-08', 'Membership Type': 'Yearly'}",2022-02-07 02:26:01,0,2022-04-16 20:50:39,2022-02-07 02:26:01,1,0
14151,d112222b18819efd56f5861a1f602ed2,Subscription Premium Renew,"{'Start Date': '2022-02-22', 'Renewal Date': '2023-02-22', 'Membership Type': 'Yearly'}",2022-02-21 01:17:20,0,2022-04-16 20:50:39,2022-02-21 01:17:20,1,0
14163,d13cf0b65d1701596269c4000bf647b8,Subscription Premium Renew,"{'Start Date': '2022-02-02', 'Renewal Date': '2023-02-02', 'Membership Type': 'Yearly'}",2022-02-01 01:16:34,1,2022-02-13 00:06:32,2022-02-01 01:16:34,1,0
14187,d197ed66d9d7d56a95492fd6df0814c9,Subscription Premium Renew,"{'Start Date': '2022-03-09', 'Renewal Date': '2022-04-09', 'Membership Type': 'Monthly'}",2022-03-08 01:05:35,0,2022-04-16 20:50:39,2022-04-08 01:13:12,0,0
14188,d197ed66d9d7d56a95492fd6df0814c9,Subscription Premium Renew,"{'Start Date': '2022-04-09', 'Renewal Date': '2022-05-09', 'Membership Type': 'Monthly'}",2022-04-08 01:13:12,0,2022-04-16 20:50:39,2022-04-08 01:13:12,0,0
14254,d237ae5d89292fa9aaf6c0ac59d4ec58,Subscription Premium Renew,"{'Start Date': '2022-04-05', 'Renewal Date': '2022-05-05', 'Membership Type': 'Monthly'}",2022-04-04 01:15:32,0,2022-04-16 20:50:39,2022-04-04 01:15:32,0,0
14267,d263f69b765106b7790f098edb49f17b,Subscription Premium Renew,"{'Start Date': '2022-03-20', 'Renewal Date': '2023-03-20', 'Membership Type': 'Yearly'}",2022-03-19 01:58:38,1,2022-03-29 18:36:31,2022-03-19 01:58:38,1,0
14316,d33d34f46cf73763cd4af49ec35c8823,Subscription Premium Renew,"{'Start Date': '2022-04-04', 'Renewal Date': '2022-05-04', 'Membership Type': 'Monthly'}",2022-04-03 01:20:29,0,2022-04-16 20:50:39,2022-04-03 01:20:29,0,0
14325,d3d51e2fd28f62d02e93f3aae6179246,Subscription Premium Renew,"{'Start Date': '2022-02-06', 'Renewal Date': '2022-03-06', 'Membership Type': 'Monthly'}",2022-02-05 01:09:52,0,2022-04-16 20:50:39,2022-04-05 01:10:05,0,0
14328,d3d51e2fd28f62d02e93f3aae6179246,Subscription Premium Renew,"{'Start Date': '2022-03-06', 'Renewal Date': '2022-04-06', 'Membership Type': 'Monthly'}",2022-03-05 01:05:04,0,2022-04-16 20:50:39,2022-04-05 01:10:05,0,0
14329,d3d51e2fd28f62d02e93f3aae6179246,Subscription Premium Renew,"{'Start Date': '2022-04-06', 'Renewal Date': '2022-05-06', 'Membership Type': 'Monthly'}",2022-04-05 01:10:05,0,2022-04-16 20:50:39,2022-04-05 01:10:05,0,0
14344,d3f7cb54e2f003e58da91be561668fff,Subscription Premium Renew,"{'Start Date': '2022-03-19', 'Renewal Date': '2023-03-19', 'Membership Type': 'Yearly'}",2022-03-18 01:10:24,0,2022-04-16 20:50:39,2022-03-18 01:10:24,1,0
14372,d45e2d7aff34467ca7abdf1331a5ad6e,Subscription Premium Renew,"{'Start Date': '2022-02-22', 'Renewal Date': '2023-02-22', 'Membership Type': 'Yearly'}",2022-02-21 01:14:09,0,2022-04-16 20:50:39,2022-02-21 01:14:09,1,0
14408,d5db42956fe1b7085365599f3937e0f8,Subscription Premium Renew,"{'Start Date': '2022-02-10', 'Renewal Date': '2023-02-10', 'Membership Type': 'Yearly'}",2022-02-09 01:12:21,0,2022-04-16 20:50:39,2022-02-09 01:12:21,1,0
14514,d71492286214a66398901a7ad5ac2db4,Subscription Premium Renew,"{'Start Date': '2022-03-06', 'Renewal Date': '2023-03-06', 'Membership Type': 'Yearly'}",2022-03-05 01:31:07,0,2022-04-16 20:50:39,2022-03-05 01:31:07,1,0
14637,d97569a26b47b089e4ab0bce7012a12e,Subscription Premium Renew,"{'Start Date': '2022-03-12', 'Renewal Date': '2022-04-12', 'Membership Type': 'Monthly'}",2022-03-11 01:12:59,0,2022-04-16 20:50:39,2022-04-11 01:12:32,0,0
14639,d97569a26b47b089e4ab0bce7012a12e,Subscription Premium Renew,"{'Start Date': '2022-04-12', 'Renewal Date': '2022-05-12', 'Membership Type': 'Monthly'}",2022-04-11 01:12:32,0,2022-04-16 20:50:39,2022-04-11 01:12:32,0,0
14828,dd05a78146115c9fedb48b48aa75e12f,Subscription Premium Renew,"{'Start Date': '2022-04-11', 'Renewal Date': '2022-05-11', 'Membership Type': 'Monthly'}",2022-04-10 01:16:58,0,2022-04-16 20:50:39,2022-04-10 01:16:58,0,0
15110,dd67e2a1ebc249ec66f7db46e29bba02,Subscription Premium Renew,"{'Start Date': '2022-02-09', 'Renewal Date': '2023-02-09', 'Membership Type': 'Yearly'}",2022-02-08 01:08:31,0,2022-04-16 20:50:39,2022-02-08 01:08:31,1,0
15211,ded623087a5397c3b253bc9be270517b,Subscription Premium Renew,"{'Start Date': '2022-02-12', 'Renewal Date': '2023-02-12', 'Membership Type': 'Yearly'}",2022-02-11 01:15:32,0,2022-04-16 20:50:39,2022-02-11 01:15:32,1,0
15325,dfff4d710576db6b7a1382116f9668ca,Subscription Premium Renew,"{'Start Date': '2022-04-13', 'Renewal Date': '2022-05-13', 'Membership Type': 'Monthly'}",2022-04-12 01:16:26,0,2022-04-16 20:50:39,2022-04-12 01:16:26,0,0
15399,e29fddc5ec21d3c8d5caec352f5c82c2,Subscription Premium Renew,"{'Start Date': '2022-02-07', 'Renewal Date': '2023-02-07', 'Membership Type': 'Yearly'}",2022-02-06 01:13:38,0,2022-04-16 20:50:39,2022-02-06 01:13:38,1,0
15431,e4129c79c4a3c44ad671ba2e6d368122,Subscription Premium Renew,"{'Start Date': '2022-03-22', 'Renewal Date': '2022-04-22', 'Membership Type': 'Monthly'}",2022-03-21 01:14:08,0,2022-04-16 20:50:39,2022-03-21 01:14:08,0,0
15544,e4d57f979e61c8e96675905da8cb2994,Subscription Premium Renew,"{'Start Date': '2022-03-22', 'Renewal Date': '2023-03-22', 'Membership Type': 'Yearly'}",2022-03-21 01:14:09,1,2022-03-24 13:34:26,2022-03-21 01:14:09,1,0
15590,e4d75e834cb12ce84d383ef6cae8e583,Subscription Premium Renew,"{'Start Date': '2022-04-14', 'Renewal Date': '2022-05-14', 'Membership Type': 'Monthly'}",2022-04-13 01:19:39,0,2022-04-16 20:50:39,2022-04-13 01:19:39,0,0
15619,e5d91833609309d75bf3d081cb8e4503,Subscription Premium Renew,"{'Start Date': '2022-03-13', 'Renewal Date': '2022-04-13', 'Membership Type': 'Monthly'}",2022-03-12 01:12:35,0,2022-04-16 20:50:39,2022-04-12 01:15:24,0,0
15625,e5d91833609309d75bf3d081cb8e4503,Subscription Premium Renew,"{'Start Date': '2022-04-13', 'Renewal Date': '2022-05-13', 'Membership Type': 'Monthly'}",2022-04-12 01:15:24,0,2022-04-16 20:50:39,2022-04-12 01:15:24,0,0
15690,e70654075208a58e8b25b04d054da26d,Subscription Premium Renew,"{'Start Date': '2022-02-14', 'Renewal Date': '2023-02-14', 'Membership Type': 'Yearly'}",2022-02-13 01:13:02,0,2022-04-16 20:50:39,2022-02-13 01:13:02,1,0
15704,e7092b06ed5cd432a07f268ab1056cb9,Subscription Premium Renew,"{'Start Date': '2022-02-08', 'Renewal Date': '2023-02-08', 'Membership Type': 'Yearly'}",2022-02-07 01:12:25,1,2022-02-07 13:17:59,2022-02-07 01:12:25,1,1
15784,e9d3ed667548f488fdd36a189a8b54a5,Subscription Premium Renew,"{'Start Date': '2022-03-20', 'Renewal Date': '2022-04-20', 'Membership Type': 'Monthly'}",2022-03-19 01:13:28,0,2022-04-16 20:50:39,2022-03-19 01:13:28,0,0
15793,ea6358a9d02621e67b997b4a306e3f68,Subscription Premium Renew,"{'Start Date': '2022-03-22', 'Renewal Date': '2022-04-22', 'Membership Type': 'Monthly'}",2022-03-21 01:14:08,0,2022-04-16 20:50:39,2022-03-21 01:14:08,0,0
15920,eca8af1b62d781deaf95e6180e7b3369,Subscription Premium Renew,"{'Start Date': '2022-02-24', 'Renewal Date': '2023-02-24', 'Membership Type': 'Yearly'}",2022-02-23 01:17:15,0,2022-04-16 20:50:39,2022-02-23 01:17:15,1,0
15932,ed1ce2f1276a0eb2c8311b498d384dc8,Subscription Premium Renew,"{'Start Date': '2022-03-20', 'Renewal Date': '2023-03-20', 'Membership Type': 'Yearly'}",2022-03-19 01:58:38,1,2022-03-19 09:21:32,2022-03-19 01:58:38,1,1
16020,f007782630c25e5e80bd819b0c0936c0,Subscription Premium Renew,"{'Start Date': '2022-03-13', 'Renewal Date': '2023-03-13', 'Membership Type': 'Yearly'}",2022-03-12 01:12:36,0,2022-04-16 20:50:39,2022-03-12 01:12:36,1,0
16163,f2debb6860a30a7c7f35eee46956a923,Subscription Premium Renew,"{'Start Date': '2022-02-27', 'Renewal Date': '2023-02-27', 'Membership Type': 'Yearly'}",2022-02-26 01:08:27,0,2022-04-16 20:50:39,2022-02-26 01:08:27,1,0
16181,f341a5d55ed7086f92b7d590c56ffa0e,Subscription Premium Renew,"{'Start Date': '2022-04-11', 'Renewal Date': '2022-05-11', 'Membership Type': 'Monthly'}",2022-04-10 12:55:40,0,2022-04-16 20:50:39,2022-04-10 12:55:40,0,0
16185,f344be2d9a042b7444f3cc5279e38ef1,Subscription Premium Renew,"{'Start Date': '2022-02-17', 'Renewal Date': '2022-03-17', 'Membership Type': 'Monthly'}",2022-02-16 01:03:00,0,2022-04-16 20:50:39,2022-04-16 01:12:44,0,1
16188,f344be2d9a042b7444f3cc5279e38ef1,Subscription Premium Renew,"{'Start Date': '2022-03-17', 'Renewal Date': '2022-04-17', 'Membership Type': 'Monthly'}",2022-03-16 01:19:46,0,2022-04-16 20:50:39,2022-04-16 01:12:44,0,1
16189,f344be2d9a042b7444f3cc5279e38ef1,Subscription Premium Renew,"{'Start Date': '2022-04-17', 'Renewal Date': '2022-05-17', 'Membership Type': 'Monthly'}",2022-04-16 01:12:44,0,2022-04-16 20:50:39,2022-04-16 01:12:44,0,1
16301,f510005f651751e9dd7fcf15fab240c3,Subscription Premium Renew,"{'Start Date': '2022-02-08', 'Renewal Date': '2022-03-08', 'Membership Type': 'Monthly'}",2022-02-07 01:13:25,1,2022-02-08 17:43:59,2022-02-07 01:13:25,0,1
16470,f51c5064de884e6c54cd3fdf2fcfff02,Subscription Premium Renew,"{'Start Date': '2022-04-15', 'Renewal Date': '2022-05-15', 'Membership Type': 'Monthly'}",2022-04-14 01:16:48,0,2022-04-16 20:50:39,2022-04-14 01:16:48,0,0
16498,f5988bc8ddb1a5733677d81109fe453b,Subscription Premium Renew,"{'Start Date': '2022-02-16', 'Renewal Date': '2023-02-16', 'Membership Type': 'Yearly'}",2022-02-15 01:07:21,0,2022-04-16 20:50:39,2022-02-15 01:07:21,1,0
16506,f5d978b869b677735ae8ea2c93cc6d71,Subscription Premium Renew,"{'Start Date': '2022-03-10', 'Renewal Date': '2022-04-10', 'Membership Type': 'Monthly'}",2022-03-09 01:13:07,0,2022-04-16 20:50:39,2022-04-09 01:13:02,0,0
16507,f5d978b869b677735ae8ea2c93cc6d71,Subscription Premium Renew,"{'Start Date': '2022-04-10', 'Renewal Date': '2022-05-10', 'Membership Type': 'Monthly'}",2022-04-09 01:13:02,0,2022-04-16 20:50:39,2022-04-09 01:13:02,0,0
16508,f662f8ab01bb3b27860d8a0a74a0546c,Subscription Premium Renew,"{'Start Date': '2022-02-11', 'Renewal Date': '2023-02-11', 'Membership Type': 'Yearly'}",2022-02-10 01:13:43,0,2022-04-16 20:50:39,2022-02-10 01:13:43,1,0
16516,f71d97f27525dd75106f9c593e31abf4,Subscription Premium Renew,"{'Start Date': '2022-03-14', 'Renewal Date': '2022-04-14', 'Membership Type': 'Monthly'}",2022-03-13 01:10:41,0,2022-04-16 20:50:39,2022-04-13 01:15:29,0,0
16518,f71d97f27525dd75106f9c593e31abf4,Subscription Premium Renew,"{'Start Date': '2022-04-14', 'Renewal Date': '2022-05-14', 'Membership Type': 'Monthly'}",2022-04-13 01:15:29,0,2022-04-16 20:50:39,2022-04-13 01:15:29,0,0
16519,f7969f6c5da30b31f73be28b6459d221,Subscription Premium Renew,"{'Start Date': '2022-02-12', 'Renewal Date': '2022-03-12', 'Membership Type': 'Monthly'}",2022-02-11 01:15:32,0,2022-04-16 20:50:39,2022-04-11 01:13:35,0,0
16520,f7969f6c5da30b31f73be28b6459d221,Subscription Premium Renew,"{'Start Date': '2022-03-12', 'Renewal Date': '2022-04-12', 'Membership Type': 'Monthly'}",2022-03-11 01:07:39,0,2022-04-16 20:50:39,2022-04-11 01:13:35,0,0
16521,f7969f6c5da30b31f73be28b6459d221,Subscription Premium Renew,"{'Start Date': '2022-04-12', 'Renewal Date': '2022-05-12', 'Membership Type': 'Monthly'}",2022-04-11 01:13:35,0,2022-04-16 20:50:39,2022-04-11 01:13:35,0,0
16560,f8934a7f963c7cbb2858e5b575d6a7bd,Subscription Premium Renew,"{'Start Date': '2022-02-16', 'Renewal Date': '2023-02-16', 'Membership Type': 'Yearly'}",2022-02-15 01:13:35,0,2022-04-16 20:50:39,2022-02-15 01:13:35,1,0
16584,f94fda42ba20f0510307fe532de1c8a6,Subscription Premium Renew,"{'Start Date': '2022-03-13', 'Renewal Date': '2022-04-13', 'Membership Type': 'Monthly'}",2022-03-12 01:12:35,0,2022-04-16 20:50:39,2022-04-12 01:15:24,0,0
16597,f94fda42ba20f0510307fe532de1c8a6,Subscription Premium Renew,"{'Start Date': '2022-04-13', 'Renewal Date': '2022-05-13', 'Membership Type': 'Monthly'}",2022-04-12 01:15:24,0,2022-04-16 20:50:39,2022-04-12 01:15:24,0,0
16610,fa16e4face5df7e1fb158c2689f64b89,Subscription Premium Renew,"{'Start Date': '2022-02-17', 'Renewal Date': '2023-02-17', 'Membership Type': 'Yearly'}",2022-02-16 01:13:21,0,2022-04-16 20:50:39,2022-02-16 01:13:21,1,0
16667,fa60c0929575adbec4e933fa4fcbaf46,Subscription Premium Renew,"{'Start Date': '2022-02-03', 'Renewal Date': '2023-02-03', 'Membership Type': 'Yearly'}",2022-02-02 01:02:36,0,2022-04-16 20:50:39,2022-02-02 01:02:36,1,0
16791,fc8cd52c073c56ad5f635f44097de339,Subscription Premium Renew,"{'Start Date': '2022-03-02', 'Renewal Date': '2022-04-02', 'Membership Type': 'Monthly'}",2022-03-01 01:04:07,0,2022-04-16 20:50:39,2022-04-01 01:15:33,0,0
16792,fc8cd52c073c56ad5f635f44097de339,Subscription Premium Renew,"{'Start Date': '2022-04-02', 'Renewal Date': '2022-05-02', 'Membership Type': 'Monthly'}",2022-04-01 01:15:33,0,2022-04-16 20:50:39,2022-04-01 01:15:33,0,0
